13.9.2024,9:29:9,523
13.9.2024,9:29:9,524
13.9.2024,9:29:11,523
13.9.2024,9:29:13,523
13.9.2024,9:29:15,523
13.9.2024,9:29:17,523
13.9.2024,9:29:19,523
13.9.2024,9:29:21,521
13.9.2024,9:29:23,522
13.9.2024,9:29:25,522
13.9.2024,9:29:27,522
13.9.2024,9:29:29,522
13.9.2024,9:29:31,521
13.9.2024,9:29:33,521
13.9.2024,9:29:35,521
13.9.2024,9:29:37,520
13.9.2024,9:29:39,520
13.9.2024,9:29:41,520
13.9.2024,9:29:43,519
13.9.2024,9:29:45,519
13.9.2024,9:29:47,519
13.9.2024,9:29:49,518
13.9.2024,9:29:51,517
13.9.2024,9:29:53,517
13.9.2024,9:29:55,516
13.9.2024,9:29:57,516
13.9.2024,9:29:59,516
13.9.2024,9:30:1,515
13.9.2024,9:30:3,515
13.9.2024,9:30:5,515
13.9.2024,9:30:7,514
13.9.2024,9:30:9,514
13.9.2024,9:30:11,514
13.9.2024,9:30:13,513
13.9.2024,9:30:15,513
13.9.2024,9:30:17,513
13.9.2024,9:30:19,512
13.9.2024,9:30:21,512
13.9.2024,9:30:23,511
13.9.2024,9:30:25,511
13.9.2024,9:30:27,510
13.9.2024,9:30:29,510
13.9.2024,9:30:31,509
13.9.2024,9:30:33,509
13.9.2024,9:30:35,509
13.9.2024,9:30:37,508
13.9.2024,9:30:39,508
13.9.2024,9:30:41,507
13.9.2024,9:30:43,506
13.9.2024,9:30:46,506
13.9.2024,9:30:48,505
13.9.2024,9:30:50,505
13.9.2024,9:30:52,504
13.9.2024,9:30:54,503
13.9.2024,9:30:56,502
13.9.2024,9:30:58,502
13.9.2024,9:31:0,501
13.9.2024,9:31:2,500
13.9.2024,9:31:4,499
13.9.2024,9:31:6,498
13.9.2024,9:31:8,497
13.9.2024,9:31:10,497
13.9.2024,9:31:12,496
13.9.2024,9:31:14,494
13.9.2024,9:31:16,493
13.9.2024,9:31:18,493
13.9.2024,9:31:20,492
13.9.2024,9:31:22,491
13.9.2024,9:31:24,489
13.9.2024,9:31:26,488
13.9.2024,9:31:28,487
13.9.2024,9:31:30,486
13.9.2024,9:31:32,485
13.9.2024,9:31:34,484
13.9.2024,9:31:36,483
13.9.2024,9:31:38,483
13.9.2024,9:31:40,481
13.9.2024,9:31:42,481
13.9.2024,9:31:44,480
13.9.2024,9:31:46,479
13.9.2024,9:31:48,479
13.9.2024,9:31:50,478
13.9.2024,9:31:52,478
13.9.2024,9:31:54,477
13.9.2024,9:31:56,476
13.9.2024,9:31:58,476
13.9.2024,9:32:0,476
13.9.2024,9:32:2,475
13.9.2024,9:32:4,475
13.9.2024,9:32:6,474
13.9.2024,9:32:8,474
13.9.2024,9:32:10,474
13.9.2024,9:32:12,474
13.9.2024,9:32:14,474
13.9.2024,9:32:16,473
13.9.2024,9:32:18,473
13.9.2024,9:32:20,473
13.9.2024,9:32:23,473
13.9.2024,9:32:25,472
13.9.2024,9:32:27,472
13.9.2024,9:32:29,472
13.9.2024,9:32:31,471
13.9.2024,9:32:33,471
13.9.2024,9:32:35,471
13.9.2024,9:32:37,470
13.9.2024,9:32:39,470
13.9.2024,9:32:41,469
13.9.2024,9:32:43,469
13.9.2024,9:32:45,469
13.9.2024,9:32:47,468
13.9.2024,9:32:49,468
13.9.2024,9:32:51,467
13.9.2024,9:32:53,467
13.9.2024,9:32:55,467
13.9.2024,9:32:57,466
13.9.2024,9:32:59,466
13.9.2024,9:33:1,466
13.9.2024,9:33:3,465
13.9.2024,9:33:5,465
13.9.2024,9:33:7,465
13.9.2024,9:33:9,465
13.9.2024,9:33:11,464
13.9.2024,9:33:13,464
13.9.2024,9:33:15,464
13.9.2024,9:33:17,463
13.9.2024,9:33:19,463
13.9.2024,9:33:21,463
13.9.2024,9:33:23,463
13.9.2024,9:33:25,462
13.9.2024,9:33:27,462
13.9.2024,9:33:29,462
13.9.2024,9:33:31,461
13.9.2024,9:33:33,461
13.9.2024,9:33:35,461
13.9.2024,9:33:37,460
13.9.2024,9:33:39,460
13.9.2024,9:33:41,460
13.9.2024,9:33:43,459
13.9.2024,9:33:45,459
13.9.2024,9:33:47,459
13.9.2024,9:33:49,458
13.9.2024,9:33:51,458
13.9.2024,9:33:53,458
13.9.2024,9:33:55,458
13.9.2024,9:33:57,457
13.9.2024,9:33:59,457
13.9.2024,9:34:2,457
13.9.2024,9:34:4,456
13.9.2024,9:34:6,456
13.9.2024,9:34:8,456
13.9.2024,9:34:10,456
13.9.2024,9:34:12,455
13.9.2024,9:34:14,455
13.9.2024,9:34:16,455
13.9.2024,9:34:18,454
13.9.2024,9:34:20,454
13.9.2024,9:34:22,454
13.9.2024,9:34:24,453
13.9.2024,9:34:26,453
13.9.2024,9:34:28,453
13.9.2024,9:34:30,452
13.9.2024,9:34:32,452
13.9.2024,9:34:34,452
13.9.2024,9:34:36,452
13.9.2024,9:34:38,451
13.9.2024,9:34:40,451
13.9.2024,9:34:42,451
13.9.2024,9:34:44,451
13.9.2024,9:34:46,450
13.9.2024,9:34:48,450
13.9.2024,9:34:50,449
13.9.2024,9:34:52,449
13.9.2024,9:34:54,449
13.9.2024,9:34:56,448
13.9.2024,9:34:58,448
13.9.2024,9:35:0,448
13.9.2024,9:35:2,448
13.9.2024,9:35:4,448
13.9.2024,9:35:6,447
13.9.2024,9:35:8,447
13.9.2024,9:35:10,447
13.9.2024,9:35:12,447
13.9.2024,9:35:14,446
13.9.2024,9:35:16,446
13.9.2024,9:35:18,446
13.9.2024,9:35:20,445
13.9.2024,9:35:22,445
13.9.2024,9:35:24,445
13.9.2024,9:35:26,445
13.9.2024,9:35:28,444
13.9.2024,9:35:30,444
13.9.2024,9:35:32,443
13.9.2024,9:35:34,443
13.9.2024,9:35:36,443
13.9.2024,9:35:39,443
13.9.2024,9:35:41,442
13.9.2024,9:35:43,442
13.9.2024,9:35:45,442
13.9.2024,9:35:47,441
13.9.2024,9:35:49,441
13.9.2024,9:35:51,441
13.9.2024,9:35:53,441
13.9.2024,9:35:55,440
13.9.2024,9:35:57,440
13.9.2024,9:35:59,440
13.9.2024,9:36:1,439
13.9.2024,9:36:3,439
13.9.2024,9:36:5,439
13.9.2024,9:36:7,438
13.9.2024,9:36:9,438
13.9.2024,9:36:11,438
13.9.2024,9:36:13,438
13.9.2024,9:36:15,437
13.9.2024,9:36:17,437
13.9.2024,9:36:19,437
13.9.2024,9:36:21,436
13.9.2024,9:36:23,436
13.9.2024,9:36:25,436
13.9.2024,9:36:27,436
13.9.2024,9:36:29,435
13.9.2024,9:36:31,435
13.9.2024,9:36:33,435
13.9.2024,9:36:35,434
13.9.2024,9:36:37,434
13.9.2024,9:36:39,434
13.9.2024,9:36:41,434
13.9.2024,9:36:43,434
13.9.2024,9:36:45,433
13.9.2024,9:36:47,433
13.9.2024,9:36:49,432
13.9.2024,9:36:51,433
13.9.2024,9:36:53,432
13.9.2024,9:36:55,432
13.9.2024,9:36:57,432
13.9.2024,9:36:59,431
13.9.2024,9:37:1,432
13.9.2024,9:37:3,430
13.9.2024,9:37:5,431
13.9.2024,9:37:7,431
13.9.2024,9:37:9,430
13.9.2024,9:37:11,430
13.9.2024,9:37:13,430
13.9.2024,9:37:16,430
13.9.2024,9:37:18,429
13.9.2024,9:37:20,429
13.9.2024,9:37:22,429
13.9.2024,9:37:24,429
13.9.2024,9:37:26,429
13.9.2024,9:37:28,428
13.9.2024,9:37:30,428
13.9.2024,9:37:32,427
13.9.2024,9:37:34,427
13.9.2024,9:37:36,427
13.9.2024,9:37:38,426
13.9.2024,9:37:40,426
13.9.2024,9:37:42,426
13.9.2024,9:37:44,426
13.9.2024,9:37:46,426
13.9.2024,9:37:48,425
13.9.2024,9:37:50,425
13.9.2024,9:37:52,425
13.9.2024,9:37:54,425
13.9.2024,9:37:56,425
13.9.2024,9:37:58,424
13.9.2024,9:38:0,424
13.9.2024,9:38:2,424
13.9.2024,9:38:4,423
13.9.2024,9:38:6,423
13.9.2024,9:38:8,423
13.9.2024,9:38:10,423
13.9.2024,9:38:12,422
13.9.2024,9:38:14,422
13.9.2024,9:38:16,422
13.9.2024,9:38:18,421
13.9.2024,9:38:20,422
13.9.2024,9:38:22,421
13.9.2024,9:38:24,420
13.9.2024,9:38:26,420
13.9.2024,9:38:28,420
13.9.2024,9:38:30,420
13.9.2024,9:38:32,420
13.9.2024,9:38:34,420
13.9.2024,9:38:36,419
13.9.2024,9:38:38,419
13.9.2024,9:38:40,419
13.9.2024,9:38:42,419
13.9.2024,9:38:44,418
13.9.2024,9:38:46,418
13.9.2024,9:38:48,418
13.9.2024,9:38:50,418
13.9.2024,9:38:52,418
13.9.2024,9:38:55,417
13.9.2024,9:38:57,417
13.9.2024,9:38:59,417
13.9.2024,9:39:1,416
13.9.2024,9:39:3,416
13.9.2024,9:39:5,416
13.9.2024,9:39:7,416
13.9.2024,9:39:9,416
13.9.2024,9:39:11,416
13.9.2024,9:39:13,415
13.9.2024,9:39:15,416
13.9.2024,9:39:17,415
13.9.2024,9:39:19,415
13.9.2024,9:39:21,415
13.9.2024,9:39:23,415
13.9.2024,9:39:25,415
13.9.2024,9:39:27,414
13.9.2024,9:39:29,414
13.9.2024,9:39:31,414
13.9.2024,9:39:33,414
13.9.2024,9:39:35,413
13.9.2024,9:39:37,413
13.9.2024,9:39:39,413
13.9.2024,9:39:41,413
13.9.2024,9:39:43,413
13.9.2024,9:39:45,413
13.9.2024,9:39:47,412
